id_paciente,nombre,apellido,dni,mail,telefono,id_plan
1,Edgardo Roberto,Rivarola,24413576,edgarivarola76@gmail.com,1122270610,9
2,Jorge Lucas,Marcipar,14605455,jorgmarcipar55@gmail.com,1144318788,9
3,Jennifer Eliana,Gutierrez,24018922,jenngutierrez22@gmail.com,1140045665,10
4,Cinthia,Vigliocco,40150478,cintvigliocco78@gmail.com,1161909242,9
5,Melisa Gisel,Maciel,44509544,melimaciel44@gmail.com,1139472976,9
6,Facundo Ignacio,de San Benito,37781463,facude san be63@gmail.com,1146595725,10
7,Pedro Matías,Bellio,18485306,pedrbellio6@hotmail.com,1173420682,10
8,Marjory,Carvalho de Sant Ana,33931745,marjcarvalho45@gmail.com,1134281946,4
9,Esteban Alfredo,Schiavone,16718508,esteschiavone8@hotmail.com,1156393736,10
10,Marianela Belén,Soraci,42895403,marisoraci3@yahoo.com.ar,1137841178,4
11,Leonardo,Franco,30986264,leonfranco64@gmail.com,1109063046,4
12,Daniela Yanina,Galkin,18415447,danigalkin47@gmail.com,1135992547,2
13,Genesis Fanwil Rocio,Landaeta,25250544,genelandaeta44@gmail.com,1182475726,10
14,Brian Ezequiel,Orsi,31197041,briaorsi41@gmail.com,1124179233,10
15,Ricardo Hernan,Carvallo Sanchez,34581598,ricacarvallo98@gmail.com,1148427721,9
16,Valeria Alejandra,Santamarina,36177866,valesantamari66@gmail.com,1126739041,1
17,Stephanie,Rubino,32479813,steprubino13@hotmail.com,1127672547,10
18,Agustina Alejandra,Reffino Pereyra,10002670,agusreffino p70@gmail.com,1129376382,1
19,Mariana Giselle,Gardon,28168474,marigardon74@gmail.com,1190568752,4
20,Macarena Aime,Zilla,34510586,macazilla86@gmail.com,1126652724,4
21,Tomás Raúl,Giardino,16954347,tomágiardino47@gmail.com,1175154208,10
22,Maximiliano,Bugelli,15101968,maxibugelli68@gmail.com,1179411865,10
23,Jesica Caterina,Rivadeneira,14190797,jesirivadenei97@gmail.com,1165660755,10
24,Lucila,Gonzalez Franco,15702279,lucigonzalez79@gmail.com,1148725012,10
25,Ludmila Mariel,Girard,20598765,ludmgirard65@gmail.com,1185077630,9
26,Leonel,Fantini,22877064,leonfantini64@gmail.com,1116517844,1
27,Santiago Octavio,Duran,10391711,santduran11@hotmail.com,1161455821,10
28,Angel Andres,Den Toom,35974478,angeden toom78@gmail.com,1111811800,10
29,Nicolaiev,Saenz Valiente,20520961,nicosaenz val61@gmail.com,1186624308,10
30,Nahuel,Macarrone,36389939,nahumacarrone39@gmail.com,1126982893,10
31,Magali,Florensa,44821396,magaflorensa96@gmail.com,1135413680,7
32,Pablo Roberto,Terceros Vargas,15971559,pablterceros59@gmail.com,1106660015,10
33,Maria Marta,Lastarria,38129025,marilastarria25@gmail.com,1188090360,4
34,Natalia Salome,Constantino,14725659,nataconstanti59@gmail.com,1129056788,10
35,Ariel Hernan,Jibaja Albarez,10014662,ariejibaja al62@gmail.com,1115640315,9
36,Alan Fabian,Pistacchi,30200245,alanpistacchi45@gmail.com,1148508800,10
37,Facundo Daniel,Rafti,44207207,facurafti7@hotmail.com,1178128184,10
38,Carolina Silvia,Alfonso,42591580,caroalfonso80@gmail.com,1132820588,9
39,Agostina Paula,Lucero,37977253,agoslucero53@gmail.com,1181289399,10
40,Herman,Maranzana,17710170,hermmaranzana70@gmail.com,1156132235,10
41,Giuliana Elizabeth,Toto,39929723,giultoto23@gmail.com,1127474936,10
42,Alejandro David,Perez Joaquin,14079227,alejperez joa27@gmail.com,1166996050,1
43,Ernesto Ezequiel,Cazenave,26500777,ernecazenave77@gmail.com,1157269093,3
44,Emiliano Efrain,Pardo,28835631,emilpardo31@gmail.com,1136443940,3
45,Corina Lis,Cafure Pandolfi,20641818,coricafure pa18@hotmail.com,1157353615,10
46,Piero,Arabian,22665397,pierarabian97@gmail.com,1196442421,3
47,Karina,Converso,13790381,kariconverso81@gmail.com,1159753832,9
48,Gabriela Susana,Del Alamo,17432931,gabrdel alamo31@gmail.com,1119099035,10
49,Jesica Gisele,Dory,10889444,jesidory44@gmail.com,1545574713,1
50,Andreia Rosa,Schriefer,18330242,andrschriefer42@gmail.com,1564823285,3
51,Ana Florencia,Fuente,13154168,anafuente68@gmail.com,1574124171,10
52,Federico Andres,Tarditti,31789381,fedetarditti81@gmail.com,1504493717,3
53,Alejo Elias,Levin Garfinkel,37420414,alejlevin gar14@hotmail.com,1546600926,1
54,Victoria Nair,Saad,25179790,victsaad90@gmail.com,1522276977,10
55,Luis Andrea,Fresta,32747511,luisfresta11@hotmail.com,1554629969,9
56,Iana,Vicentin,10029017,ianavicentin17@hotmail.com,1553194987,10
57,Cintia Elizabeth,Arianna,44306458,cintarianna58@gmail.com,1575639458,7
58,Melisa,Potap,19875201,melipotap1@yahoo.com.ar,1571255606,9
59,Andrea Valeria,Goiri,20149455,andrgoiri55@gmail.com,1561782813,1
60,Sofia Eliana,Dechima,25013119,sofidechima19@hotmail.com,1594658947,10
61,Ivana Yasmina,Montivero,37692217,ivanmontivero17@hotmail.com,1533428649,2
62,Alejandro Gabriel,Alcorta,27463758,alejalcorta58@gmail.com,1541398678,1
63,Oscar Fabian,Lantero,24410935,oscalantero35@gmail.com,1563904197,9
64,Maria Susana,Weiss,43338456,mariweiss56@gmail.com,1527389511,4
65,Facundo Alonso,Thomas,10778030,facuthomas30@gmail.com,1560281100,3
66,Diana Carolina,Sanahuja,35756734,diansanahuja34@gmail.com,1517102318,6
67,Patricia Gabriela,Jimenez Zambrano,16335110,patrjimenez z10@hotmail.com,1534318340,3
68,Ricardo Enrique,Mellano,19974812,ricamellano12@hotmail.com,1573358715,4
69,Federico Pablo,Tellez Farfan,40518167,fedetellez fa67@gmail.com,1580557575,3
70,Javier Fernando,Torres Espinosa,22900301,javitorres es1@yahoo.com.ar,1545798667,10
71,Santiago Alejandro,Di Leo,15959103,santdi leo3@yahoo.com.ar,1558330490,1
72,Andrés Brian,Martinez Mayo,28287778,andrmartinez78@gmail.com,1510560867,2
73,Teo David,Sposato,34020407,teosposato7@hotmail.com,1581489316,2
74,Ana Marcela,Sandri,18465626,anasandri26@gmail.com,1533300906,5
75,Clara Sabrina,Simón,35705296,clarsimón96@gmail.com,1575644998,4
76,German Edgardo,Scali,15044581,germscali81@gmail.com,1597361282,8
77,Melisa Judith,Bara,44907159,melibara59@gmail.com,1500569595,5
78,Megan,POGORZELSKI,37003100,megapogorzels0@yahoo.com.ar,1561437096,8
79,Paula Sabrina,Malosetti,25849774,paulmalosetti74@gmail.com,1579590718,10
80,Joaquin Rafael,Gonzalez Pascuet,30533944,joaqgonzalez44@gmail.com,1542272718,5
81,Franco Emanuel,Anselmi,31929777,frananselmi77@gmail.com,1519571924,9
82,Lara Martina,Soto Escudero,16267763,larasoto escu63@gmail.com,1517040609,6
83,Adriana Carolina,Jara,36662243,adrijara43@gmail.com,1562431151,7
84,Elsa,colabraro,37560207,elsacolabraro7@hotmail.com,1579137770,6
85,Andrea Paula,Langellotti,14288890,andrlangellot90@gmail.com,1534874150,6
86,Maricel Noelia,Sosa Febres,30452269,marisosa febr69@gmail.com,1519501260,8
87,Guillermo Matias,Prada Buitrago,19830230,guilprada bui30@gmail.com,1537300368,1
88,Matheus,Ortale,14608199,mathortale99@gmail.com,1525046702,8
89,Cecilia Belen,Cejas,16039158,cecicejas58@gmail.com,1511133693,1
90,Ernesto,Lopez Federico,20111447,ernelopez fed47@gmail.com,1575365972,7
91,Barbara Ines,Palmeiro Colombini,38887927,barbpalmeiro27@gmail.com,1508542447,4
92,Juan Santiago,Pessotti,29868673,juanpessotti73@gmail.com,1559362670,2
93,Josefina Dolores,Monteagudo Flahaut,17637928,josemonteagud28@gmail.com,1526082906,10
94,Julieta Antonella,Pigliacampo,19713759,julipigliacam59@gmail.com,1521112080,6
95,Salvador,Rodriguez Diaz,16677646,salvrodriguez46@gmail.com,1559126169,8
96,Diana,galvano,21310035,diangalvano35@gmail.com,1554428994,10
97,Gisele Romina,Prandi,24137338,giseprandi38@gmail.com,1568734357,1
98,Nayla Yasmin,Perrona,32979420,naylperrona20@hotmail.com,1557048540,2
99,Juan Alfredo,Bufano,28800265,juanbufano65@gmail.com,1583848124,8
100,Debora,Rombolá,24396307,deborombolá7@hotmail.com,1554691967,2
101,Maria Romina,Gavilán,41825987,marigavilán87@gmail.com,1518711325,8
102,Jesus Daniela,Petit,30591172,jesupetit72@gmail.com,1593082015,6
103,Nestor Maximiliano,Etcheverria,21079924,nestetcheverr24@gmail.com,1514943343,8
104,Kenya Esther,Losinno,21459262,kenylosinno62@gmail.com,1524996597,2
105,Mirasol,De Gracia,44710411,mirade gracia11@hotmail.com,1539642071,6
106,Martin Fernando,Carluccio,18029206,martcarluccio6@hotmail.com,1514915379,8
107,Desiree Elisabeth,Tejeda,36448365,desitejeda65@gmail.com,1514815212,2
108,Daniela Marina,Dapueto,43823714,danidapueto14@hotmail.com,1552340077,8
109,Marcos Javier,Figueredo,15869783,marcfigueredo83@gmail.com,1546541771,5
110,Bettina Araceli,De Gioia,35568661,bettde gioia61@gmail.com,1167568215,6
111,Bruno Esteban,Gabian,44028952,brungabian52@gmail.com,1136213049,6
112,Augusto Damian,Saenz,27512084,augusaenz84@gmail.com,1175765955,2
113,Diego Roberto,Alonso Fernández,19371021,diegalonso fe21@gmail.com,1115984158,6
114,Julieta Lara,Armiento,26470569,juliarmiento69@gmail.com,1120532766,4
115,Horacio Miguel,Folino,33852312,horafolino12@hotmail.com,1152006973,5
116,Gabriel Marcelo,Fabaro Rojas,20070359,gabrfabaro ro59@gmail.com,1139971804,5
117,Ignacio Joaquin,Lavie,38417596,ignalavie96@gmail.com,1148951668,10
118,Florencia Gisela,Tedesco,32191118,flortedesco18@hotmail.com,1134394403,7
119,Rosdary Carolina,Samiter,36427673,rosdsamiter73@gmail.com,1182128518,4
120,Florencia Ana,Rigiroli,35998325,florrigiroli25@gmail.com,1136202669,10
121,Iara Camila,Pibernat Copello,10390888,iarapibernat88@gmail.com,1111396355,4
122,Ariel Fernando,Coniglio Jalil,17102069,arieconiglio69@gmail.com,1130213067,7
123,Marcela,Secilio,30244269,marcsecilio69@gmail.com,1168063948,6
124,Mariela Sonia,Cobian,11208485,maricobian85@gmail.com,1133045907,7
125,Julian Leandro,Pranga,20393446,julipranga46@gmail.com,1114582217,1
126,Maximiliano Ariel,Roca,43562506,maxiroca6@hotmail.com,1178017926,7
127,Sofia Daiana,Rega,10706996,sofirega96@gmail.com,1109004664,10
128,Micaela Noeli,Raffo,14562632,micaraffo32@gmail.com,1139298428,9
129,Gabriel José,Babuin,15254961,gabrbabuin61@gmail.com,1170982026,8
130,Marcelo Andrés,Manago,40218097,marcmanago97@gmail.com,1192220118,7
131,Manuel Andrés,Anez Romero,32260975,manuanez rome75@gmail.com,1106468304,7
132,Julio Fabian,Di Nezio,11517957,julidi nezio57@gmail.com,1139225509,7
133,Vanesa Gisela,Guinjoan,19018765,vaneguinjoan65@gmail.com,1168364616,7
134,Jorgelina Victoria,Dominguez Alarcon,17226369,jorgdominguez69@gmail.com,1132607820,10
135,Daiana Sabrina,Chilo,25806895,daiachilo95@gmail.com,1136735146,10
136,Laura Eva,Velardo Ramos,43211016,laurvelardo r16@hotmail.com,1152344462,7
137,Sebastian Omar,Hernandez Bustamante,19562655,sebahernandez55@gmail.com,1156791740,7
138,Kevin,Licha,10881979,kevilicha79@gmail.com,1176141092,5
139,Daniel Emanuel,Rothkehl,30722036,danirothkehl36@gmail.com,1134843427,9
140,Natali,Formento,13391219,nataformento19@hotmail.com,1167416057,10
141,Romina Veronica,Pranteda,19935979,romipranteda79@gmail.com,1190986461,10
142,Manuel Alejandro,Antunez,37064390,manuantunez90@gmail.com,1100475461,1
143,Melina Adriana,Cotino,21794065,melicotino65@gmail.com,1136208729,10
144,Aristides Eduardo,Casadey,21323465,ariscasadey65@gmail.com,1131875917,7
145,Abigail,Olleac,28656940,abigolleac40@gmail.com,1195918759,5
146,Maria Betania,Provvidenza,41912614,mariprovviden14@hotmail.com,1132259013,4
147,Anabella,Giulietti,43373469,anabgiulietti69@gmail.com,1177850658,10
148,Andrea Yepruhi,Chavier,36457951,andrchavier51@gmail.com,1156203810,2
149,Fernando,Callahuara,34793571,ferncallahuar71@gmail.com,1180667790,10
150,Ingrid Susana,Segoviano,29411789,ingrsegoviano89@gmail.com,1150979467,10
151,Niyen,Balihaut,26144742,niyebalihaut42@gmail.com,1121526016,2
152,Jonatan Emanuel,Luce,37211546,jonaluce46@gmail.com,1190092578,10
153,Sergio Jorge,Coutoune,23525852,sergcoutoune52@gmail.com,1195658258,3
154,Claus,Stekolschik,23975385,claustekolsch85@gmail.com,1559949539,8
155,Charo,Gabrielli,38678870,chargabrielli70@gmail.com,1523371249,8
156,Naiara Yamila,Di Paolo Cuello,14363187,naiadi paolo87@gmail.com,1543205536,4
157,Camila Victoria,Borghi,43558934,camiborghi34@gmail.com,1550535194,6
158,Carlos Esteban,Sualdo,37534812,carlsualdo12@hotmail.com,1530933422,8
159,Luciana Andrea,Fernandez Madero,31238278,lucifernandez78@gmail.com,1587781183,10
160,Barbara Agustina,Laredo,39961832,barblaredo32@gmail.com,1557936679,7
161,Enrique Ignacio,Sanchez Sisto,35932523,enrisanchez s23@gmail.com,1573397354,10
162,Clara Ana,Guanuco Lopez,22930857,clarguanuco l57@gmail.com,1553281336,9
163,Fiorella Mariana,Poeta,40137427,fiorpoeta27@gmail.com,1503321957,7
164,Isabel Magnolia,Diligenti,24705518,isabdiligenti18@hotmail.com,1582352103,9
165,Jeyfree Abrahan,Casielles,35087943,jeyfcasielles43@gmail.com,1580019164,2
166,Martin Isidoro,Hourteillan,25133712,marthourteill12@hotmail.com,1549741665,7
167,Agustina Erika,Bottino,15468858,agusbottino58@gmail.com,1593125644,10
168,Florencia Stefania,Plaza,26340317,florplaza17@hotmail.com,1546028390,5
169,Lida Paula,Belluati,26965982,lidabelluati82@gmail.com,1583915328,5
170,Romina lia,Guerreño,26045216,romiguerreño16@hotmail.com,1554836284,10
171,Ariadna Mabel,Mercau,31691560,ariamercau60@gmail.com,1547476626,7
172,Nayla,D'Angiola,41783888,nayld'angiola88@gmail.com,1578498372,2
173,Sabrina Susana,Meli,42014508,sabrmeli8@hotmail.com,1549332111,10
174,Dexis,Kumarovsky,44059257,dexikumarovsk57@gmail.com,1578354811,5
175,Catherine Teresa Paulina,Perthuy,33569886,cathperthuy86@gmail.com,1501871045,10
176,Mariana Elisabet,Roggeroni,39687239,mariroggeroni39@gmail.com,1520649427,7
177,Sofía Belen,Borbolla Bonpland,38132967,sofíborbolla67@gmail.com,1565372921,1
178,Malena,Montenegro,26452482,malemontenegr82@gmail.com,1511093538,1
179,Lara Mariel,David,28878088,laradavid88@gmail.com,1567119107,7
180,Joaquin Esteban,Stork,10426823,joaqstork23@gmail.com,1541402833,9
181,Ariadna,Velásquez,33199853,ariavelásquez53@gmail.com,1566439401,4
182,Laura Esther,Rozsa,22519714,laurrozsa14@hotmail.com,1513999946,5
183,Alejandro Fabian,Cantariño,43613123,alejcantariño23@gmail.com,1563258434,1
184,Carolina Alejandra,Rebord,24795554,carorebord54@gmail.com,1519820243,4
185,Ammiel Elian,Reyes Gil,31908363,ammireyes gil63@gmail.com,1568383725,3
186,Alejandro,Alvarado,28095504,alejalvarado4@yahoo.com.ar,1502412847,1
187,Ester Karen Tamara,Ficalora,37609655,esteficalora55@gmail.com,1565253493,9
188,Carlos Francisco,Bonavita,34728381,carlbonavita81@gmail.com,1598046665,9
189,Ignacio,Rosado Piedras,28722426,ignarosado pi26@gmail.com,1501784935,10
190,Micaela Sol,Bach,29514174,micabach74@gmail.com,1582782752,9
191,Melania,García Maritano,42264558,melagarcía ma58@gmail.com,1501725919,8
192,Daiana Magali,Peretto,33796148,daiaperetto48@gmail.com,1567377855,10
193,Carlos Javier,Liggerini,42038205,carlliggerini5@hotmail.com,1519204659,9
194,Andres Francisco,Bloise,25655216,andrbloise16@hotmail.com,1597888273,8
195,Roxana Lidia,Mielniczuk,33435694,roxamielniczu94@gmail.com,1583493044,10
196,Ernesto Andrés Marcelo,Tosetto,33099221,ernetosetto21@gmail.com,1122270610,10
197,Nadia Mariana,Zaccagnino,43561830,nadizaccagnin30@gmail.com,1144318788,10
198,Vanina Gisele,Capornio,20825732,vanicapornio32@gmail.com,1140045665,1
199,Xavier,Kolaric,15294267,xavikolaric67@gmail.com,1161909242,5
200,Vanesa Romina,Bedini,40516721,vanebedini21@gmail.com,1139472976,10
201,Aquiles,Barrera,14968048,aquibarrera48@gmail.com,1146595725,1
